Metric,Value
COMET,0.8697394514083863
BLEU,27.672516821023386
ChrF,58.40977519811948
ROUGE-1,0.6539285860814281
ROUGE-2,0.37973093229757765
ROUGE-L,0.574892589307494
