Metric,Value
COMET,0.8739491174221039
BLEU,39.90813417647542
ChrF,34.41242962359068
ROUGE-1,0.2584799422799423
ROUGE-2,0.08878095238095239
ROUGE-L,0.2556799422799423
