Metric,Value
COMET,0.855323803961277
BLEU,26.10108974171573
ChrF,56.460403093534396
ROUGE-1,0.6314181342427659
ROUGE-2,0.3604662815380424
ROUGE-L,0.5517144062145038
