Metric,Value
COMET,0.8430657873153686
BLEU,27.354451358848838
ChrF,24.866064741019795
ROUGE-1,0.18937258297258297
ROUGE-2,0.05786190476190475
ROUGE-L,0.18572972582972583
